[{"model": "admin.logentry", "pk": 1, "fields": {"action_time": "2025-04-11T08:49:05.579Z", "user": 1, "content_type": 7, "object_id": "6", "object_repr": "The Future of Remote Work", "action_flag": 2, "change_message": "[{\"changed\": {\"fields\": [\"Author\"]}}]"}}, {"model": "admin.logentry", "pk": 2, "fields": {"action_time": "2025-04-11T08:49:33.424Z", "user": 1, "content_type": 7, "object_id": "7", "object_repr": "Climate Change and Urban Innovation", "action_flag": 2, "change_message": "[{\"changed\": {\"fields\": [\"Author\"]}}]"}}, {"model": "admin.logentry", "pk": 3, "fields": {"action_time": "2025-04-11T08:49:42.979Z", "user": 1, "content_type": 7, "object_id": "8", "object_repr": "Blockchain Beyond Cryptocurrency", "action_flag": 2, "change_message": "[{\"changed\": {\"fields\": [\"Author\"]}}]"}}, {"model": "admin.logentry", "pk": 4, "fields": {"action_time": "2025-04-11T08:49:55.183Z", "user": 1, "content_type": 7, "object_id": "9", "object_repr": "The Psychology of Social Media", "action_flag": 2, "change_message": "[{\"changed\": {\"fields\": [\"Author\"]}}]"}}, {"model": "admin.logentry", "pk": 5, "fields": {"action_time": "2025-04-11T08:50:29.952Z", "user": 1, "content_type": 7, "object_id": "10", "object_repr": "The Rise of Electric Vehicles", "action_flag": 2, "change_message": "[{\"changed\": {\"fields\": [\"Author\"]}}]"}}, {"model": "admin.logentry", "pk": 6, "fields": {"action_time": "2025-04-11T08:50:39.854Z", "user": 1, "content_type": 7, "object_id": "11", "object_repr": "EdTech Evolution", "action_flag": 2, "change_message": "[{\"changed\": {\"fields\": [\"Author\"]}}]"}}, {"model": "admin.logentry", "pk": 7, "fields": {"action_time": "2025-04-11T08:50:47.204Z", "user": 1, "content_type": 7, "object_id": "12", "object_repr": "Cybersecurity in the Age of AI", "action_flag": 2, "change_message": "[{\"changed\": {\"fields\": [\"Author\"]}}]"}}, {"model": "admin.logentry", "pk": 8, "fields": {"action_time": "2025-04-11T08:50:57.726Z", "user": 1, "content_type": 7, "object_id": "13", "object_repr": "The Gig Economy: Freedom or Fatigue?", "action_flag": 2, "change_message": "[{\"changed\": {\"fields\": [\"Author\"]}}]"}}, {"model": "auth.permission", "pk": 1, "fields": {"name": "Can add log entry", "content_type": 1, "codename": "add_logentry"}}, {"model": "auth.permission", "pk": 2, "fields": {"name": "Can change log entry", "content_type": 1, "codename": "change_logentry"}}, {"model": "auth.permission", "pk": 3, "fields": {"name": "Can delete log entry", "content_type": 1, "codename": "delete_logentry"}}, {"model": "auth.permission", "pk": 4, "fields": {"name": "Can view log entry", "content_type": 1, "codename": "view_logentry"}}, {"model": "auth.permission", "pk": 5, "fields": {"name": "Can add permission", "content_type": 2, "codename": "add_permission"}}, {"model": "auth.permission", "pk": 6, "fields": {"name": "Can change permission", "content_type": 2, "codename": "change_permission"}}, {"model": "auth.permission", "pk": 7, "fields": {"name": "Can delete permission", "content_type": 2, "codename": "delete_permission"}}, {"model": "auth.permission", "pk": 8, "fields": {"name": "Can view permission", "content_type": 2, "codename": "view_permission"}}, {"model": "auth.permission", "pk": 9, "fields": {"name": "Can add group", "content_type": 3, "codename": "add_group"}}, {"model": "auth.permission", "pk": 10, "fields": {"name": "Can change group", "content_type": 3, "codename": "change_group"}}, {"model": "auth.permission", "pk": 11, "fields": {"name": "Can delete group", "content_type": 3, "codename": "delete_group"}}, {"model": "auth.permission", "pk": 12, "fields": {"name": "Can view group", "content_type": 3, "codename": "view_group"}}, {"model": "auth.permission", "pk": 13, "fields": {"name": "Can add content type", "content_type": 4, "codename": "add_contenttype"}}, {"model": "auth.permission", "pk": 14, "fields": {"name": "Can change content type", "content_type": 4, "codename": "change_contenttype"}}, {"model": "auth.permission", "pk": 15, "fields": {"name": "Can delete content type", "content_type": 4, "codename": "delete_contenttype"}}, {"model": "auth.permission", "pk": 16, "fields": {"name": "Can view content type", "content_type": 4, "codename": "view_contenttype"}}, {"model": "auth.permission", "pk": 17, "fields": {"name": "Can add session", "content_type": 5, "codename": "add_session"}}, {"model": "auth.permission", "pk": 18, "fields": {"name": "Can change session", "content_type": 5, "codename": "change_session"}}, {"model": "auth.permission", "pk": 19, "fields": {"name": "Can delete session", "content_type": 5, "codename": "delete_session"}}, {"model": "auth.permission", "pk": 20, "fields": {"name": "Can view session", "content_type": 5, "codename": "view_session"}}, {"model": "auth.permission", "pk": 21, "fields": {"name": "Can add custom user", "content_type": 6, "codename": "add_customuser"}}, {"model": "auth.permission", "pk": 22, "fields": {"name": "Can change custom user", "content_type": 6, "codename": "change_customuser"}}, {"model": "auth.permission", "pk": 23, "fields": {"name": "Can delete custom user", "content_type": 6, "codename": "delete_customuser"}}, {"model": "auth.permission", "pk": 24, "fields": {"name": "Can view custom user", "content_type": 6, "codename": "view_customuser"}}, {"model": "auth.permission", "pk": 25, "fields": {"name": "Can add blog post", "content_type": 7, "codename": "add_blogpost"}}, {"model": "auth.permission", "pk": 26, "fields": {"name": "Can change blog post", "content_type": 7, "codename": "change_blogpost"}}, {"model": "auth.permission", "pk": 27, "fields": {"name": "Can delete blog post", "content_type": 7, "codename": "delete_blogpost"}}, {"model": "auth.permission", "pk": 28, "fields": {"name": "Can view blog post", "content_type": 7, "codename": "view_blogpost"}}, {"model": "auth.permission", "pk": 29, "fields": {"name": "Can add comment", "content_type": 8, "codename": "add_comment"}}, {"model": "auth.permission", "pk": 30, "fields": {"name": "Can change comment", "content_type": 8, "codename": "change_comment"}}, {"model": "auth.permission", "pk": 31, "fields": {"name": "Can delete comment", "content_type": 8, "codename": "delete_comment"}}, {"model": "auth.permission", "pk": 32, "fields": {"name": "Can view comment", "content_type": 8, "codename": "view_comment"}}, {"model": "contenttypes.contenttype", "pk": 1, "fields": {"app_label": "admin", "model": "logentry"}}, {"model": "contenttypes.contenttype", "pk": 2, "fields": {"app_label": "auth", "model": "permission"}}, {"model": "contenttypes.contenttype", "pk": 3, "fields": {"app_label": "auth", "model": "group"}}, {"model": "contenttypes.contenttype", "pk": 4, "fields": {"app_label": "contenttypes", "model": "contenttype"}}, {"model": "contenttypes.contenttype", "pk": 5, "fields": {"app_label": "sessions", "model": "session"}}, {"model": "contenttypes.contenttype", "pk": 6, "fields": {"app_label": "users", "model": "customuser"}}, {"model": "contenttypes.contenttype", "pk": 7, "fields": {"app_label": "blogs", "model": "blogpost"}}, {"model": "contenttypes.contenttype", "pk": 8, "fields": {"app_label": "blogs", "model": "comment"}}, {"model": "sessions.session", "pk": "6ogcsxsxkcni9xml6x260nw1cr73zcf8", "fields": {"session_data": ".eJxVjDsOwjAQBe_iGlk4699S0ucM0XrtxQHkSPlUiLtDpBTQvpl5LzXQttZhW8o8jFldlFGn3y0RP0rbQb5Tu02ap7bOY9K7og-66H7K5Xk93L-DSkv91i4aADxbgwG9QMjWxoQWvOHkUBjEdM5yFEOWCzF3KAEdeGEp5EG9P7OxN48:1u2qEE:FV8aInOq5tiW3RygilV00ELitE8vLL8xqHN-UY19fh4", "expire_date": "2025-04-24T11:37:54.894Z"}}, {"model": "users.customuser", "pk": 1, "fields": {"password": "pbkdf2_sha256$870000$hYr4tPK7otzDnnrorcUZ96$fF1dtupZfw5/ur8O9ySYXz3FX9pfyTB01j4/GiZX74A=", "email": "admin@admin.com", "username": "admin", "date_joined": "2025-04-10T11:37:10.975Z", "last_login": "2025-04-10T11:37:54.887Z", "is_admin": true, "is_active": true, "is_staff": true, "is_superuser": true, "is_email_verified": false, "email_otp": null, "hide_email": true}}, {"model": "users.customuser", "pk": 2, "fields": {"password": "pbkdf2_sha256$870000$pLi6LiGS9BJHTExTcYY1Uy$noX/icHHFxfwsFkIeSGOk1zHV9HJ4qnB28RGWFJbGbU=", "email": "nazmus.test@yopmail.com", "username": "Nazmus", "date_joined": "2025-04-10T11:39:16.486Z", "last_login": "2025-04-10T11:39:43.289Z", "is_admin": false, "is_active": true, "is_staff": false, "is_superuser": false, "is_email_verified": true, "email_otp": "655927", "hide_email": true}}, {"model": "users.customuser", "pk": 3, "fields": {"password": "pbkdf2_sha256$870000$wKXL9TTM6og6IGXriB9cDT$ualocrQNBEC1GzEiZSWwG/RcVcl8O46GTZEbQyvKs44=", "email": "rafid.test@yopmail.com", "username": "Rafid", "date_joined": "2025-04-10T11:44:54.393Z", "last_login": "2025-04-10T11:45:13.323Z", "is_admin": false, "is_active": true, "is_staff": false, "is_superuser": false, "is_email_verified": true, "email_otp": "583466", "hide_email": true}}, {"model": "users.customuser", "pk": 4, "fields": {"password": "pbkdf2_sha256$870000$lGYnqH2AhobQe8R00CJHm3$Pl4f8K0iA3UdSIvCtEhcYMpn8B7m6bIlq+b6VehjvXY=", "email": "sakib.test@yopmail.com", "username": "Sakib", "date_joined": "2025-04-10T12:00:45.573Z", "last_login": "2025-04-10T12:01:20.920Z", "is_admin": false, "is_active": true, "is_staff": false, "is_superuser": false, "is_email_verified": true, "email_otp": "368990", "hide_email": true}}, {"model": "users.customuser", "pk": 5, "fields": {"password": "pbkdf2_sha256$870000$0qU19TDniFE4Lvkvfeg2K3$Xx3toCAWoKdxhUBUOCaDJZHvC13E3zr2tbrN+diLKAw=", "email": "rizon.test@yopmail.com", "username": "Rizon", "date_joined": "2025-04-11T08:04:31.161Z", "last_login": "2025-04-11T08:04:52.822Z", "is_admin": false, "is_active": true, "is_staff": false, "is_superuser": false, "is_email_verified": true, "email_otp": "284657", "hide_email": true}}, {"model": "blogs.blogpost", "pk": 1, "fields": {"title": "The Rise of AI in Everyday Human Life", "slug": "the-rise-of-ai-in-everyday-human-life", "subtitle": "How Artificial Intelligence Is Changing the Way We Live", "content": "From smart assistants in our homes to predictive algorithms in our phones, artificial intelligence is becoming an integral part of daily life. In this article, we explore how AI technologies are evolving and their implications on society.", "published_date": "2025-04-10T11:42:58.132Z", "status": "draft", "author": 2}}, {"model": "blogs.blogpost", "pk": 2, "fields": {"title": "Understanding Newton's Laws of Motion", "slug": "understanding-newtons-laws-of-motion", "subtitle": "A Simple Guide for High School Students", "content": "Newton's laws describe the relationship between the motion of an object and the forces acting on it. In this guide, we’ll break down each of the three laws with real-life examples and simple experiments.", "published_date": "2025-04-10T11:43:33.734Z", "status": "published", "author": 2}}, {"model": "blogs.blogpost", "pk": 3, "fields": {"title": "5 Simple Habits for a Healthier Morning Routine", "slug": "5-simple-habits-for-a-healthier-morning-routine", "subtitle": "Start Your Day with Energy and Focus", "content": "A consistent morning routine sets the tone for the rest of the day. These five easy habits—hydration, sunlight, movement, mindfulness, and a nourishing breakfast—can transform your mornings.", "published_date": "2025-04-10T11:46:57.514Z", "status": "published", "author": 3}}, {"model": "blogs.blogpost", "pk": 4, "fields": {"title": "Version 2.0 Release – New Features & Improvements", "slug": "version-20-release-new-features-improvements", "subtitle": "Smarter, Faster, and More Secure", "content": "We’re excited to announce Version 2.0 of our platform. This update includes real-time collaboration tools, a redesigned dashboard, and enhanced security protocols. Dive in to see what’s new.", "published_date": "2025-04-10T12:03:29.739Z", "status": "published", "author": 4}}, {"model": "blogs.blogpost", "pk": 5, "fields": {"title": "The Clockmaker’s Secret", "slug": "the-clockmakers-secret", "subtitle": "A Tale of Time, Mystery, and Legacy", "content": "In the heart of an old European town, a forgotten clock tower holds secrets buried for centuries. When a curious apprentice stumbles upon a hidden room, time itself begins to unravel.", "published_date": "2025-04-10T12:05:33.425Z", "status": "draft", "author": 4}}, {"model": "blogs.blogpost", "pk": 6, "fields": {"title": "The Future of Remote Work", "slug": "the-future-of-remote-work", "subtitle": "Technology’s Role in the New Era of Work", "content": "As more companies embrace hybrid and fully remote models, technology is reshaping how we collaborate and stay productive. This article examines the tools and trends powering the future of work.", "published_date": "2025-04-11T08:24:56Z", "status": "published", "author": 5}}, {"model": "blogs.blogpost", "pk": 7, "fields": {"title": "Climate Change and Urban Innovation", "slug": "climate-change-and-urban-innovation", "subtitle": "How Cities Are Adapting to a Warming World", "content": "Urban areas are on the front lines of climate change. Discover how smart city initiatives, green infrastructure, and AI-driven solutions are helping build climate resilience.", "published_date": "2025-04-11T08:26:57Z", "status": "draft", "author": 5}}, {"model": "blogs.blogpost", "pk": 8, "fields": {"title": "Blockchain Beyond Cryptocurrency", "slug": "blockchain-beyond-cryptocurrency", "subtitle": "Real-World Applications of Decentralized Tech", "content": "While Bitcoin grabs headlines, blockchain has the potential to revolutionize industries from healthcare to logistics. Learn how decentralized systems are being used in innovative ways.", "published_date": "2025-04-11T08:27:37Z", "status": "published", "author": 5}}, {"model": "blogs.blogpost", "pk": 9, "fields": {"title": "The Psychology of Social Media", "slug": "the-psychology-of-social-media", "subtitle": "Understanding Its Impact on Mental Health", "content": "Social media connects us more than ever, but what does it do to our minds? This article dives into the science of screen time, dopamine, and digital well-being.", "published_date": "2025-04-11T08:28:10Z", "status": "published", "author": 5}}, {"model": "blogs.blogpost", "pk": 10, "fields": {"title": "The Rise of Electric Vehicles", "slug": "the-rise-of-electric-vehicles", "subtitle": "Driving Toward a Greener Future", "content": "With advances in battery technology and government support, EVs are gaining popularity worldwide. We explore the challenges and opportunities in the shift to sustainable transportation.", "published_date": "2025-04-11T08:28:56Z", "status": "published", "author": 5}}, {"model": "blogs.blogpost", "pk": 11, "fields": {"title": "EdTech Evolution", "slug": "edtech-evolution", "subtitle": "How Technology is Personalizing Learning", "content": "From AI tutors to VR classrooms, educational technology is transforming how students learn. This article explores how EdTech is making education more accessible and engaging.", "published_date": "2025-04-11T08:29:53Z", "status": "published", "author": 4}}, {"model": "blogs.blogpost", "pk": 12, "fields": {"title": "Cybersecurity in the Age of AI", "slug": "cybersecurity-in-the-age-of-ai", "subtitle": "taying Safe in a Digital World", "content": "As AI systems become more powerful, so do cyber threats. We explore how AI is being used both to defend and attack in the digital security arms race.", "published_date": "2025-04-11T08:36:08Z", "status": "published", "author": 4}}, {"model": "blogs.blogpost", "pk": 13, "fields": {"title": "The Gig Economy: Freedom or Fatigue?", "slug": "the-gig-economy-freedom-or-fatigue", "subtitle": "Examining the Pros and Cons of Flexible Work", "content": "Freelancing and gig work offer freedom and flexibility, but at what cost? This article explores the economic and social implications of the gig economy boom.", "published_date": "2025-04-11T08:39:32Z", "status": "published", "author": 4}}, {"model": "blogs.blogpost", "pk": 14, "fields": {"title": "AI in Healthcare", "slug": "ai-in-healthcare", "subtitle": "Revolutionizing Diagnosis and Patient Care", "content": "Artificial intelligence is helping doctors diagnose diseases faster and with more accuracy. Learn how AI is enhancing healthcare from diagnostics to personalized treatment.", "published_date": "2025-04-11T08:46:11.785Z", "status": "published", "author": 4}}, {"model": "blogs.blogpost", "pk": 15, "fields": {"title": "The Ethics of Artificial Intelligence", "slug": "the-ethics-of-artificial-intelligence", "subtitle": "Can Machines Make Moral Decisions?", "content": "As AI begins to influence major life decisions, ethical concerns arise. This article explores the responsibilities of developers and the need for transparent, accountable AI systems.", "published_date": "2025-04-11T08:53:34.019Z", "status": "published", "author": 3}}, {"model": "blogs.blogpost", "pk": 16, "fields": {"title": "The Renaissance Reimagined", "slug": "the-renaissance-reimagined", "subtitle": "How Modern Artists Are Drawing Inspiration from the Past", "content": "The Renaissance was a time of rebirth in art and ideas. Today’s artists are blending classical techniques with modern themes, resulting in striking works that pay homage to history while pushing creative boundaries.", "published_date": "2025-04-11T09:07:58.873Z", "status": "draft", "author": 3}}, {"model": "blogs.blogpost", "pk": 17, "fields": {"title": "Digital Privacy in the Age of AI", "slug": "digital-privacy-in-the-age-of-ai", "subtitle": "Navigating the Trade-Off Between Convenience and Control", "content": "As AI becomes more embedded in our digital lives, concerns about privacy grow. This article explores the fine balance between technological advancement and protecting user data in an increasingly connected world.", "published_date": "2025-04-11T09:08:30.409Z", "status": "published", "author": 3}}, {"model": "blogs.blogpost", "pk": 18, "fields": {"title": "Urban Gardening: Growing Green in Small Spaces", "slug": "urban-gardening-growing-green-in-small-spaces", "subtitle": "How City Dwellers Are Embracing Eco-Living", "content": "Limited space doesn’t mean limited possibilities. Urban gardening offers a sustainable way to grow fresh produce and connect with nature—even from the balcony of a high-rise apartment.", "published_date": "2025-04-11T09:09:13.159Z", "status": "published", "author": 3}}, {"model": "blogs.blogpost", "pk": 19, "fields": {"title": "The Power of Deep Work", "slug": "the-power-of-deep-work", "subtitle": "Strategies to Focus in a Distracted World", "content": "With endless notifications and digital noise, deep work is more valuable than ever. Learn how to reclaim your focus and boost your output with these proven techniques for uninterrupted work.", "published_date": "2025-04-11T09:11:33.302Z", "status": "published", "author": 2}}, {"model": "blogs.blogpost", "pk": 20, "fields": {"title": "Forgotten Heroes of History", "slug": "forgotten-heroes-of-history", "subtitle": "Unsung Figures Who Changed the World", "content": "History often remembers the big names, but countless individuals made profound impacts behind the scenes. This post highlights lesser-known figures whose actions helped shape our modern world.", "published_date": "2025-04-11T09:12:07.010Z", "status": "published", "author": 2}}, {"model": "blogs.blogpost", "pk": 21, "fields": {"title": "Building an API from Scratch with Django Rest Framework", "slug": "building-an-api-from-scratch-with-django-rest-framework", "subtitle": "A Beginner-Friendly Guide", "content": "Learn how to go from models to endpoints with this hands-on walkthrough of creating a RESTful API using Django and DRF. Perfect for beginners looking to dive into backend development.", "published_date": "2025-04-11T09:12:39.587Z", "status": "draft", "author": 2}}, {"model": "blogs.blogpost", "pk": 22, "fields": {"title": "Demo", "slug": "demo", "subtitle": "demo demo", "content": "demooooooooooooooooooooooooooooo..............", "published_date": "2025-04-11T11:54:54.641Z", "status": "published", "author": 3}}, {"model": "blogs.blogpost", "pk": 23, "fields": {"title": "The Rise of Nostalgia in Modern Media", "slug": "the-rise-of-nostalgia-in-modern-media", "subtitle": "Why We Keep Rebooting the Past", "content": "From TV reboots to 90s-style fashion, nostalgia is dominating pop culture. What’s driving this trend—and what does it say about our current moment?", "published_date": "2025-04-11T17:05:31.343Z", "status": "published", "author": 3}}, {"model": "blogs.blogpost", "pk": 24, "fields": {"title": "Why Coding Should Be the New Literacy", "slug": "why-coding-should-be-the-new-literacy", "subtitle": "Preparing the Next Generation for a Digital Future", "content": "Just as reading and writing were essential skills in the past, coding is becoming a fundamental tool for the future. Here’s why every student should learn to code—and how to get started.", "published_date": "2025-04-12T05:09:46.174Z", "status": "draft", "author": 5}}, {"model": "blogs.blogpost", "pk": 25, "fields": {"title": "Cancel Culture vs. Accountability", "slug": "cancel-culture-vs-accountability", "subtitle": "Understanding the Line Between Criticism and Censorship", "content": "The rise of social media has amplified public voice—but at what cost? This article delves into the nuances between holding people accountable and silencing through public backlash.", "published_date": "2025-04-12T05:10:31.967Z", "status": "published", "author": 5}}, {"model": "blogs.blogpost", "pk": 28, "fields": {"title": "The Rise of Foundation Models in AI", "slug": "the-rise-of-foundation-models-in-ai", "subtitle": "How Large Pretrained Models Are Reshaping the Future of Intelligence", "content": "In the last few years, we’ve witnessed a dramatic shift in the way AI models are built, trained, and deployed. Foundation models like GPT, PaLM, and LLaMA have redefined the standard for natural language understanding and generation. These models are trained on massive datasets encompassing everything from books to social media, allowing them to generalize across tasks without task-specific tuning.\n\nWhat sets foundation models apart is their scalability and adaptability. Unlike earlier AI systems trained for narrow use-cases, foundation models can be fine-tuned for translation, summarization, code generation, and even reasoning—by adjusting prompts or retraining on domain-specific datasets. Techniques like transfer learning, prompt engineering, RLHF (Reinforcement Learning from Human Feedback), and adapter layers make these systems both powerful and efficient.\n\nHowever, the rise of these models also raises concerns—biases in training data, carbon footprints from training, and concentration of power among a few tech giants. Open-source alternatives like BLOOM and Mistral are emerging as important counterpoints. As we move toward AGI, understanding the architecture, limits, and governance of foundation models will be crucial.", "published_date": "2025-04-13T14:00:17.798Z", "status": "published", "author": 3}}, {"model": "blogs.blogpost", "pk": 29, "fields": {"title": "Zero Trust Architecture: Securing Systems in the Age of Remote Work", "slug": "zero-trust-architecture-securing-systems-in-the-age-of-remote-work", "subtitle": "From Firewalls to Identity-Centric Security Models", "content": "Traditional perimeter-based security models are no longer sufficient in today’s distributed environments. The “castle-and-moat” approach assumes everything inside the network is trustworthy, but in a world dominated by remote work, cloud infrastructure, and BYOD (bring your own device) policies, this assumption has proven dangerous.\n\nEnter Zero Trust Architecture (ZTA)—a framework that assumes no user or device is inherently trustworthy, even within the internal network. It operates on principles like \"never trust, always verify\" and \"assume breach.\" In practice, this means:\n\nIdentity-based access controls powered by SSO, MFA, and IAM solutions.\n\nMicrosegmentation of networks and workloads.\n\nContinuous authentication and behavioral monitoring.\n\nLeast privilege access enforced at the API, application, and data layer.\n\nImplementing ZTA involves integrating tools like Okta, Azure AD, Cloudflare Access, and BeyondCorp. Challenges include legacy system compatibility and cultural resistance, but the benefits—resilience, compliance, and minimized blast radius—are undeniable.", "published_date": "2025-04-13T14:11:54.958Z", "status": "published", "author": 3}}, {"model": "blogs.comment", "pk": 1, "fields": {"comment": "Can you give more blogs like this?", "created_at": "2025-04-10T13:28:34.108Z", "post": 1, "user": 2, "reply": null}}, {"model": "blogs.comment", "pk": 2, "fields": {"comment": "Yes", "created_at": "2025-04-10T13:29:02.424Z", "post": 1, "user": 2, "reply": 1}}, {"model": "blogs.comment", "pk": 3, "fields": {"comment": "Wow! Nice blog.", "created_at": "2025-04-11T01:55:06.817Z", "post": 3, "user": 3, "reply": null}}, {"model": "blogs.comment", "pk": 4, "fields": {"comment": "thanks", "created_at": "2025-04-11T01:56:09.468Z", "post": 3, "user": 3, "reply": 3}}, {"model": "blogs.comment", "pk": 5, "fields": {"comment": "Nice", "created_at": "2025-04-11T05:33:43.706Z", "post": 3, "user": 4, "reply": null}}, {"model": "blogs.comment", "pk": 6, "fields": {"comment": "good", "created_at": "2025-04-11T05:45:03.271Z", "post": 3, "user": 4, "reply": null}}, {"model": "blogs.comment", "pk": 7, "fields": {"comment": "Nice comment boss!", "created_at": "2025-04-11T05:45:23.651Z", "post": 3, "user": 4, "reply": 3}}, {"model": "blogs.comment", "pk": 8, "fields": {"comment": "Thanks everyone for loving my blog", "created_at": "2025-04-11T05:48:54.216Z", "post": 3, "user": 3, "reply": null}}, {"model": "blogs.comment", "pk": 9, "fields": {"comment": "Boss public", "created_at": "2025-04-11T05:49:24.497Z", "post": 2, "user": 3, "reply": null}}, {"model": "blogs.comment", "pk": 10, "fields": {"comment": "Looks awesome", "created_at": "2025-04-11T05:49:47.167Z", "post": 4, "user": 3, "reply": null}}, {"model": "blogs.comment", "pk": 11, "fields": {"comment": "Yes, he is!", "created_at": "2025-04-11T06:04:50.222Z", "post": 2, "user": 4, "reply": 9}}, {"model": "blogs.comment", "pk": 12, "fields": {"comment": "Testing reply", "created_at": "2025-04-11T06:10:16.889Z", "post": 2, "user": 2, "reply": 9}}, {"model": "blogs.comment", "pk": 13, "fields": {"comment": "Again testing reply", "created_at": "2025-04-11T06:14:29.985Z", "post": 2, "user": 4, "reply": 9}}, {"model": "blogs.comment", "pk": 14, "fields": {"comment": "Hello bro, you are good writer!", "created_at": "2025-04-11T06:20:17.714Z", "post": 2, "user": 4, "reply": 9}}, {"model": "blogs.comment", "pk": 15, "fields": {"comment": "Thanks", "created_at": "2025-04-11T06:26:37.139Z", "post": 4, "user": 4, "reply": 10}}, {"model": "blogs.comment", "pk": 16, "fields": {"comment": "Testing reply once again", "created_at": "2025-04-11T06:46:44.681Z", "post": 2, "user": 4, "reply": 9}}, {"model": "blogs.comment", "pk": 17, "fields": {"comment": "comment", "created_at": "2025-04-11T07:01:39.376Z", "post": 2, "user": 2, "reply": 9}}, {"model": "blogs.comment", "pk": 18, "fields": {"comment": "Nice", "created_at": "2025-04-11T09:06:16.545Z", "post": 6, "user": 3, "reply": null}}, {"model": "blogs.comment", "pk": 19, "fields": {"comment": "Hello", "created_at": "2025-04-11T11:56:52.556Z", "post": 20, "user": 3, "reply": null}}, {"model": "blogs.comment", "pk": 20, "fields": {"comment": "hi", "created_at": "2025-04-11T11:57:00.060Z", "post": 20, "user": 3, "reply": 19}}, {"model": "blogs.comment", "pk": 21, "fields": {"comment": "bye", "created_at": "2025-04-11T11:57:43.058Z", "post": 20, "user": 3, "reply": 19}}, {"model": "blogs.comment", "pk": 22, "fields": {"comment": "hello", "created_at": "2025-04-11T11:57:58.454Z", "post": 20, "user": 3, "reply": null}}, {"model": "blogs.comment", "pk": 23, "fields": {"comment": "demo", "created_at": "2025-04-11T11:59:43.121Z", "post": 14, "user": 3, "reply": null}}, {"model": "blogs.comment", "pk": 24, "fields": {"comment": "again demo", "created_at": "2025-04-11T11:59:53.779Z", "post": 14, "user": 3, "reply": 23}}]